source,HMDB,Metabolite,Formula,RT,Polarity,m/z,single_metabolite,mapped_metabolite,mapped_HMDB,official_HMDB,modified,issue
20230816_HILIC_GlobalList.csv,HMDB00462,Allantoin,C4H6N4O3,6.3,Negative,157.0366901,Allantoin,Allantoin,HMDB0000462,HMDB0000462,HMDB0000462,FALSE
20230816_HILIC_GlobalList.csv,HMDB00562,Creatinine,C4H7N3O,4,Positive,114.0662119,Creatinine,Creatinine,HMDB0000562,HMDB0000562,HMDB0000562,FALSE
20230816_HILIC_GlobalList.csv,HMDB00684,Kynurenine,C10H12N2O3,5.3,Positive,209.0920923,Kynurenine,Kynurenine,HMDB0000684,HMDB0000684,HMDB0000684,FALSE
20230816_HILIC_GlobalList.csv,HMDB01889,Theophylline,C7H8N4O2,2.3,Negative,179.0574255,Theophylline,Theophylline,HMDB0001889,HMDB0001889,HMDB0001889,FALSE
20230816_HILIC_GlobalList.csv,HMDB00289,Urate,C5H4N4O3,7.2,Negative,167.02104,Urate,Uric acid,HMDB0000289,HMDB0000289,HMDB0000289,FALSE
20230816_HILIC_GlobalList.csv,HMDB00512,N-Acetylphenylalanine,C11H13NO3,3.2,Negative,206.0822433,N-Acetylphenylalanine,N-Acetyl-L-phenylalanine,HMDB0000512,HMDB0000512,HMDB0000512,FALSE
20230816_HILIC_GlobalList.csv,HMDB00991,Aminocaprylate,C8H17NO2,4.1,Positive,160.1332288,Aminocaprylate,NA,NA,HMDB0000991,HMDB0000991,TRUE
20230816_HILIC_GlobalList.csv,HMDB0062660,N-Methylglutamate,C6H11NO4,7.2,Positive,162.076109,N-Methylglutamate,N-methyl-L-glutamic Acid,HMDB0062660,HMDB0062660,HMDB0062660,FALSE
20230816_HILIC_GlobalList.csv,"",1-Hydroxy-2-naphthoate,C11H8O3,2.5,Negative,187.040045,1-Hydroxy-2-naphthoate,1-Hydroxy-2-naphthoate,METPA0374,,,TRUE
20230816_HILIC_GlobalList.csv,HMDB00210,Pantothenate,C9H17NO5,5.1,Positive,220.1179727,Pantothenate,Pantothenic acid,HMDB0000210,HMDB0000210,HMDB0000210,FALSE
20230816_HILIC_GlobalList.csv,HMDB00132,Guanine,C5H5N5O,5.7,Positive,152.0567098,Guanine,Guanine,HMDB0000132,HMDB0000132,HMDB0000132,FALSE
20230816_HILIC_GlobalList.csv,HMDB01991,7-Methylxanthine,C6H6N4O2,3.4,Negative,165.0418,7-Methylxanthine,7-Methylxanthine,HMDB0001991,HMDB0001991,HMDB0001991,FALSE
20230816_HILIC_GlobalList.csv,HMDB00232,Quinolinate,C7H5NO4,9,Negative,166.0145577,Quinolinate,Quinolinic acid,HMDB0000232,HMDB0000232,HMDB0000232,FALSE
20230816_HILIC_GlobalList.csv,HMDB00619,Cholate,C24H40O5,3.6,Negative,407.2802744,Cholate,Cholic acid,HMDB0000619,HMDB0000619,HMDB0000619,FALSE
20230816_HILIC_GlobalList.csv,HMDB03464,4-Guanidinobutanoate,C5H11N3O2,7.3,Positive,146.0924266,4-Guanidinobutanoate,4-Guanidinobutanoic acid,HMDB0003464,HMDB0003464,HMDB0003464,FALSE
20230816_HILIC_GlobalList.csv,HMDB01545,Pyridoxal,C8H9NO3,2.8,Positive,168.0655432,Pyridoxal,Pyridoxal,HMDB0001545,HMDB0001545,HMDB0001545,FALSE
20230816_HILIC_GlobalList.csv,HMDB02757,Cysteate,C3H7NO5S,8.5,Negative,167.997193,Cysteate,Cysteic acid,HMDB0002757,HMDB0002757,HMDB0002757,FALSE
20230816_HILIC_GlobalList.csv,HMDB05765,Ophthalmate,C11H19N3O6,7.4,Negative,288.1200854,Ophthalmate,Ophthalmic acid,HMDB0005765,HMDB0005765,HMDB0005765,FALSE
20230816_HILIC_GlobalList.csv,HMDB00070,Pipecolate,C6H11NO2,5.9,Positive,130.0862786,Pipecolate,Pipecolic acid,HMDB0000070,HMDB0000070,HMDB0000070,FALSE
20230816_HILIC_GlobalList.csv,HMDB00008,2-Hydroxybutyrate,C4H8O3,4.5,Negative,103.0400441,2-Hydroxybutyrate,2-Hydroxybutyric acid,HMDB0000008,HMDB0000008,HMDB0000008,FALSE
20230816_HILIC_GlobalList.csv,HMDB00637,Glycochenodeoxycholate,C26H43NO5,3.2,Negative,448.306824,Glycochenodeoxycholate,Chenodeoxycholic acid glycine conjugate,HMDB0000637,HMDB0000637,HMDB0000637,FALSE
20230816_HILIC_GlobalList.csv,HMDB00157,Hypoxanthine,C5H4N4O,4.6,Positive,137.0458108,Hypoxanthine,Hypoxanthine,HMDB0000157,HMDB0000157,HMDB0000157,FALSE
20230816_HILIC_GlobalList.csv,HMDB03072,Quinate,C7H12O6,7.2,Negative,191.0560881,Quinate,Quinic acid,HMDB0003072,HMDB0003072,HMDB0003072,FALSE
20230816_HILIC_GlobalList.csv,HMDB94802,Octenoylglycine,C10H17NO3,2.5,Negative,198.1135434,Octenoylglycine,NA,NA,,HMDB0094802,TRUE
20230816_HILIC_GlobalList.csv,HMDB00292,Xanthine,C5H4N4O2,5.3,Negative,151.0261254,Xanthine,Xanthine,HMDB0000292,HMDB0000292,HMDB0000292,FALSE
20230816_HILIC_GlobalList.csv,HMDB60484,Indole-3-pyruvate,C11H9NO3,4.3,Negative,202.0509432,Indole-3-pyruvate,Indolepyruvate,HMDB0060484,HMDB0060484,HMDB0060484,FALSE
20230816_HILIC_GlobalList.csv,HMDB00625,Gluconate,C6H12O7,7.8,Negative,195.0510027,Gluconate,Gluconic acid,HMDB0000625,HMDB0000625,HMDB0000625,FALSE
20230816_HILIC_GlobalList.csv,HMDB00897,Methylguanine,C6H7N5O,5.85,Positive,166.0723599,Methylguanine,NA,NA,HMDB0000897,HMDB0000897,TRUE
20230816_HILIC_GlobalList.csv,HMDB00742,Homocysteine,C4H9NO2S,6.5,Positive,136.0426992,Homocysteine,Homocysteine,HMDB0000742,,HMDB0000742,FALSE
20230816_HILIC_GlobalList.csv,HMDB03911,Aminoisobutanoate,C4H9NO2,6.8,Positive,104.0706285,Aminoisobutanoate,NA,NA,HMDB0003911,HMDB0003911,TRUE
20230816_HILIC_GlobalList.csv,HMDB00378,Carnitine (5:0),C12H23NO4,4,Positive,246.1700082,Carnitine (5:0),NA,NA,HMDB0000378,HMDB0000378,TRUE
20230816_HILIC_GlobalList.csv,HMDB00235,Thiamine,C12H17N4OS,8.1,Positive,265.1118,Thiamine,Thiamine,HMDB0000235,HMDB0000235,HMDB0000235,FALSE
20230816_HILIC_GlobalList.csv,HMDB00641,Glutamine,C5H10N2O3,7.8,Positive,147.0764422,Glutamine,Glutamine,HMDB0000641,HMDB0000641,HMDB0000641,FALSE
20230816_HILIC_GlobalList.csv,HMDB0112430,PS (38:3),C44H80NO10P,1.3,Negative,812.5446848,PS (38:3),NA,NA,HMDB0112430,HMDB0112430,TRUE
20230816_HILIC_GlobalList.csv,HMDB02024,4-Imidazoleacetate,C5H6N2O2,6.7,Positive,127.0502274,4-Imidazoleacetate,Imidazoleacetic acid,HMDB0002024,HMDB0002024,HMDB0002024,FALSE
20230816_HILIC_GlobalList.csv,HMDB00138,Glycocholate,C26H43NO6,3.9,Negative,464.3017381,Glycocholate,Glycocholic acid,HMDB0000138,HMDB0000138,HMDB0000138,FALSE
20230816_HILIC_GlobalList.csv,HMDB01434,3-Methoxytyrosine,C10H13NO4,6,Negative,210.0771579,3-Methoxytyrosine,3-Methoxytyrosine,HMDB0001434,HMDB0001434,HMDB0001434,FALSE
20230816_HILIC_GlobalList.csv,HMDB12097,SM (d18:1/14:0),C37H75N2O6P,1.5,Positive,675.5435747,SM (d18:1,NA,NA,HMDB0012097,HMDB0012097,TRUE
20230816_HILIC_GlobalList.csv,HMDB00014,Deoxycytidine,C9H13N3O4,4.8,Positive,228.0979059,Deoxycytidine,Deoxycytidine,HMDB0000014,HMDB0000014,HMDB0000014,FALSE
20230816_HILIC_GlobalList.csv,HMDB03157,Guanidinosuccinate,C5H9N3O4,8.4,Positive,176.0666058,Guanidinosuccinate,Guanidinosuccinic acid,HMDB0003157,HMDB0003157,HMDB0003157,FALSE
20230816_HILIC_GlobalList.csv,HMDB00696,Methionine,C5H11NO2S,5.7,Positive,150.0583493,Methionine,Methionine,HMDB0000696,HMDB0000696,HMDB0000696,FALSE
20230816_HILIC_GlobalList.csv,HMDB00271,Sarcosine,C3H7NO2,6.7,Positive,90.05497847,Sarcosine,Sarcosine,HMDB0000271,HMDB0000271,HMDB0000271,FALSE
20230816_HILIC_GlobalList.csv,HMDB01336,"3,4-Dihydroxyphenylacetate",C8H8O4,6.1,Negative,167.0349587,"3,4-Dihydroxyphenylacetate","3,4-Dihydroxybenzeneacetic acid",HMDB0001336,HMDB0001336,HMDB0001336,FALSE
20230816_HILIC_GlobalList.csv,HMDB60244,P-DMEA,C4H12NO4P,8,Negative,168.0430944,P-DMEA,NA,NA,HMDB0060244,HMDB0060244,TRUE
20230816_HILIC_GlobalList.csv,HMDB11691,Cytidine cyclic phosphate,C9H12N3O7P,7.1,Negative,304.0339863,Cytidine cyclic phosphate,NA,NA,HMDB0011691,HMDB0011691,TRUE
20230816_HILIC_GlobalList.csv,HMDB01227,Thymidine monophosphate,C10H15N2O8P,7.4,Negative,321.049302,Thymidine monophosphate,5-Thymidylic acid,HMDB0001227,HMDB0001227,HMDB0001227,FALSE
20230816_HILIC_GlobalList.csv,HMDB60176,Sulfolactate,C3H6O6S,10.5,Negative,168.9812,Sulfolactate,NA,NA,,HMDB0060176,TRUE
20230816_HILIC_GlobalList.csv,HMDB11756,N-Acetylleucine,C8H15NO3,3.3,Negative,172.0978934,N-Acetylleucine,N-Acetyl-Leu,HMDB0011756,HMDB0011756,HMDB0011756,FALSE
20230816_HILIC_GlobalList.csv,HMDB01565,Phosphorylcholine,C5H14NO4P,8.2,Positive,184.07334,Phosphorylcholine,Phosphorylcholine,HMDB0001565,HMDB0001565,HMDB0001565,FALSE
20230816_HILIC_GlobalList.csv,HMDB00197,Indole-3-acetate,C10H9NO2,4.9,Negative,174.0560285,Indole-3-acetate,Indoleacetic acid,HMDB0000197,HMDB0000197,HMDB0000197,FALSE
20230816_HILIC_GlobalList.csv,HMDB10169,SM (d18:1/16:0),C39H79N2O6P,1.5,Positive,703.5748748,SM (d18:1,NA,NA,HMDB0010169,HMDB0010169,TRUE
20230816_HILIC_GlobalList.csv,HMDB02817,N-Acetylhexosamine phosphate,C8H16NO9P,8.6,Negative,300.0489676,N-Acetylhexosamine phosphate,NA,NA,HMDB0002817,HMDB0002817,TRUE
20230816_HILIC_GlobalList.csv,HMDB62555,3-Hydroxycarnitine (5:0),C12H23NO5,5.3,Positive,262.1649228,3-Hydroxycarnitine (5:0),NA,NA,HMDB0062555,HMDB0062555,TRUE
20230816_HILIC_GlobalList.csv,HMDB01008,Biliverdin,C33H34N4O6,3.1,Positive,583.2551348,Biliverdin,Biliverdin,HMDB0001008,HMDB0001008,HMDB0001008,FALSE
20230816_HILIC_GlobalList.csv,HMDB0112770,PS (40:5),C46H80NO10P,1.3,Negative,836.5446848,PS (40:5),NA,NA,HMDB0112770,HMDB0112770,TRUE
20230816_HILIC_GlobalList.csv,HMDB00030,Biotin,C10H16N2O3S,5.1,Negative,243.0808631,Biotin,Biotin,HMDB0000030,HMDB0000030,HMDB0000030,FALSE
20230816_HILIC_GlobalList.csv,HMDB00112,Gamma-aminobutyrate,C4H9NO2,7.6,Positive,104.0706285,Gamma-aminobutyrate,gamma-Aminobutyric acid,HMDB0000112,HMDB0000112,HMDB0000112,FALSE
20230816_HILIC_GlobalList.csv,HMDB02894,5-Methylcytosine,C5H7N3O,4.4,Positive,126.0662119,5-Methylcytosine,5-Methylcytosine,HMDB0002894,HMDB0002894,HMDB0002894,FALSE
20230816_HILIC_GlobalList.csv,YMDB00917,O-Succinyl homoserine,C8H13NO6,7.4,Positive,220.0815872,O-Succinyl homoserine,NA,NA,,HMDBYMDB00917,TRUE
20230816_HILIC_GlobalList.csv,HMDB08252,PC (40:8),C48H80NO8P,1.3,Positive,830.5694551,PC (40:8),NA,NA,HMDB0008252,HMDB0008252,TRUE
20230816_HILIC_GlobalList.csv,HMDB29099,Tyr-Arg,C15H23N5O4,7.1,Positive,338.1823042,Tyr-Arg,Kyotorphin,HMDB0005768,,HMDB0029099,TRUE
20230816_HILIC_GlobalList.csv,HMDB00089,Cytidine,C9H13N3O5,5.5,Positive,244.0928205,Cytidine,Cytidine,HMDB0000089,HMDB0000089,HMDB0000089,FALSE
20230816_HILIC_GlobalList.csv,HMDB03681,4-Acetamidobutanoate,C6H11NO3,5.2,Positive,146.0811932,4-Acetamidobutanoate,4-Acetamidobutanoic acid,HMDB0003681,HMDB0003681,HMDB0003681,FALSE
20230816_HILIC_GlobalList.csv,HMDB0112415,PS (38:5),C44H76NO10P,1.3,Negative,808.5133846,PS (38:5),NA,NA,HMDB0112415,HMDB0112415,TRUE
20230816_HILIC_GlobalList.csv,HMDB00517,Arginine,C6H14N4O2,13,Positive,175.1189757,Arginine,L-Arginine,HMDB0000517,HMDB0000517,HMDB0000517,FALSE
20230816_HILIC_GlobalList.csv,HMDB03224,Deoxyribose,C5H10O4,5.2,Negative,133.0506088,Deoxyribose,Deoxyribose,HMDB0003224,HMDB0003224,HMDB0003224,FALSE
20230816_HILIC_GlobalList.csv,HMDB11175,Leu-Pro,C11H20N2O3,4.5,Positive,229.1546925,Leu-Pro,Leucylproline,HMDB0011175,,HMDB0011175,FALSE
20230816_HILIC_GlobalList.csv,HMDB00904,Citrulline,C6H13N3O3,7.9,Positive,176.1029913,Citrulline,Citrulline,HMDB0000904,HMDB0000904,HMDB0000904,FALSE
20230816_HILIC_GlobalList.csv,HMDB0000044,Ascrobate,C6H8O6,8,Negative,175.024788,Ascrobate,NA,NA,HMDB0000044,HMDB0000044,TRUE
20230816_HILIC_GlobalList.csv,HMDB13130,Carnitine (glutaryl),C12H21NO6,7.1,Positive,276.144189,Carnitine (glutaryl),NA,NA,HMDB0013130,HMDB0013130,TRUE
20230816_HILIC_GlobalList.csv,HMDB00630,Cytosine,C4H5N3O,5,Positive,112.0505618,Cytosine,Cytosine,HMDB0000630,HMDB0000630,HMDB0000630,FALSE
20230816_HILIC_GlobalList.csv,HMDB28817,Glu-Gln,C10H17N3O6,8.5,Positive,276.1190353,Glu-Gln,Glutamylglutamine,HMDB0028817,HMDB0028817,HMDB0028817,FALSE
20230816_HILIC_GlobalList.csv,HMDB12108,Lyso-PC (17:0),C25H52NO7P,2,Positive,510.3554395,Lyso-PC (17:0),NA,NA,HMDB0012108,HMDB0012108,TRUE
20230816_HILIC_GlobalList.csv,HMDB00759,Gly-Leu,C8H16N2O3,5.3,Negative,187.1087924,Gly-Leu,Glycylleucine,HMDB0000759,HMDB0000759,HMDB0000759,FALSE
20230816_HILIC_GlobalList.csv,HMDB01348,SM (d18:1/18:0),C41H83N2O6P,1.5,Positive,731.6061754,SM (d18:1,NA,NA,HMDB0001348,HMDB0001348,TRUE
20230816_HILIC_GlobalList.csv,HMDB00133,Guanosine,C10H13N5O5,6,Positive,284.0989206,Guanosine,Guanosine,HMDB0000133,HMDB0000133,HMDB0000133,FALSE
20230816_HILIC_GlobalList.csv,HMDB01624,Hydroxy-FA (6:0),C6H12O3,1.6,Negative,131.0713443,Hydroxy-FA (6:0),NA,NA,HMDB0001624,HMDB0001624,TRUE
20230816_HILIC_GlobalList.csv,HMDB02035,4-Coumarate,C9H8O3,4.7,Negative,163.0400441,4-Coumarate,4-Hydroxycinnamic acid,HMDB0002035,HMDB0002035,HMDB0002035,FALSE
20230816_HILIC_GlobalList.csv,HMDB00870,Histamine,C5H9N3,12.3,Positive,112.0869473,Histamine,Histamine,HMDB0000870,HMDB0000870,HMDB0000870,FALSE
20230816_HILIC_GlobalList.csv,HMDB09778,PI (32:0),C41H79O13P,1.3,Negative,809.5185291,PI (32:0),NA,NA,HMDB0009778,HMDB0009778,TRUE
20230816_HILIC_GlobalList.csv,HMDB00226,Orotate,C5H4N2O4,5.7,Negative,155.0098066,Orotate,Orotic acid,HMDB0000226,HMDB0000226,HMDB0000226,FALSE
20230816_HILIC_GlobalList.csv,HMDB12101,SM (d18:1/18:1),C41H81N2O6P,1.5,Positive,729.5905248,SM (d18:1,NA,NA,HMDB0012101,HMDB0012101,TRUE
20230816_HILIC_GlobalList.csv,HMDB00792,Sebacate,C10H18O4,6,Negative,201.11321,Sebacate,Sebacic acid,HMDB0000792,HMDB0000792,HMDB0000792,FALSE
20230816_HILIC_GlobalList.csv,HMDB10384,Lyso-PC (18:0),C26H54NO7P,2,Positive,524.3710896,Lyso-PC (18:0),NA,NA,HMDB0010384,HMDB0010384,TRUE
20230816_HILIC_GlobalList.csv,HMDB62195,Platelet-activating factor,C26H54NO7P,1.6,Positive,524.3710896,Platelet-activating factor,Platelet-activating factor,HMDB0062195,HMDB0062195,HMDB0062195,FALSE
20230816_HILIC_GlobalList.csv,HMDB00195,Inosine,C10H12N4O5,5.1,Negative,267.0735175,Inosine,Inosine,HMDB0000195,HMDB0000195,HMDB0000195,FALSE
20230816_HILIC_GlobalList.csv,HMDB01554,Xanthosine monophosphate,C10H13N4O9P,10.6,Negative,363.034719,Xanthosine monophosphate,Xanthylic acid,HMDB0001554,HMDB0001554,HMDB0001554,FALSE
20230816_HILIC_GlobalList.csv,HMDB00262,Thymine,C5H6N2O2,2.6,Negative,125.0356274,Thymine,Thymine,HMDB0000262,HMDB0000262,HMDB0000262,FALSE
20230816_HILIC_GlobalList.csv,HMDB10382,Lyso-PC (16:0),C24H50NO7P,2,Positive,496.3397895,Lyso-PC (16:0),NA,NA,HMDB0010382,HMDB0010382,TRUE
20230816_HILIC_GlobalList.csv,HMDB01895,Salicylate,C7H6O3,2.7,Negative,137.0243941,Salicylate,Salicyluric acid,HMDB0000840,HMDB0001895,HMDB0001895,TRUE
20230816_HILIC_GlobalList.csv,HMDB00167,Threonine,C4H9NO3,7.3,Positive,120.0655432,Threonine,L-Threonine,HMDB0000167,HMDB0000167,HMDB0000167,FALSE
20230816_HILIC_GlobalList.csv,HMDB0062164,Thioproline,C4H7NO2S,5,Negative,132.0124492,Thioproline,Thioproline,HMDB0062164,,HMDB0062164,FALSE
20230816_HILIC_GlobalList.csv,HMDB28942,Leu-Val,C11H22N2O3,3.3,Negative,229.1557426,Leu-Val,Leucyl-Valine,HMDB0028942,HMDB0028942,HMDB0028942,FALSE
20230816_HILIC_GlobalList.csv,HMDB00095,Cytidine monophosphate,C9H14N3O8P,8.9,Negative,322.044551,Cytidine monophosphate,Cytidine monophosphate,HMDB0000095,HMDB0000095,HMDB0000095,FALSE
20230816_HILIC_GlobalList.csv,HMDB06355,Glucuronolactone,C6H8O6,4.4,Negative,175.024788,Glucuronolactone,"D-Glucurono-6,3-lactone",HMDB0006355,HMDB0006355,HMDB0006355,FALSE
20230816_HILIC_GlobalList.csv,HMDB0112289,PS (36:1),C42H80NO10P,1.3,Negative,788.5446848,PS (36:1),NA,NA,HMDB0112289,HMDB0112289,TRUE
20230816_HILIC_GlobalList.csv,HMDB60461,Acetylacrylate,C5H6O3,7,Negative,113.0243941,Acetylacrylate,NA,NA,,HMDB0060461,TRUE
20230816_HILIC_GlobalList.csv,HMDB00828,Ureidosuccinate,C5H8N2O5,10,Negative,175.0360214,Ureidosuccinate,Ureidosuccinic acid,HMDB0000828,HMDB0000828,HMDB0000828,FALSE
20230816_HILIC_GlobalList.csv,HMDB00247,Hexitols,C6H14O6,6.7,Negative,181.0717382,Hexitols,NA,NA,HMDB0000247,HMDB0000247,TRUE
20230816_HILIC_GlobalList.csv,HMDB00033,Carnosine,C9H14N4O3,8,Positive,227.1138903,Carnosine,Carnosine,HMDB0000033,HMDB0000033,HMDB0000033,FALSE
20230816_HILIC_GlobalList.csv,HMDB01406,Nicotinamide,C6H6N2O,2.5,Positive,123.0553128,Nicotinamide,Niacinamide,HMDB0001406,HMDB0001406,HMDB0001406,FALSE
20230816_HILIC_GlobalList.csv,HMDB00564,PC (32:0),C40H80NO8P,1.3,Positive,734.5694551,PC (32:0),NA,NA,HMDB0000564,HMDB0000564,TRUE
20230816_HILIC_GlobalList.csv,HMDB00272,Phosphoserine,C3H8NO6P,9.3,Positive,186.0162235,Phosphoserine,Phosphoserine,HMDB0000272,HMDB0000272,HMDB0000272,FALSE
20230816_HILIC_GlobalList.csv,HMDB00012,Deoxyuridine,C9H12N2O5,3.3,Negative,227.0673215,Deoxyuridine,Deoxyuridine,HMDB0000012,HMDB0000012,HMDB0000012,FALSE
20230816_HILIC_GlobalList.csv,HMDB00958,trans-Aconitate,C6H6O6,11.1,Negative,173.0091379,trans-Aconitate,trans-Aconitic acid,HMDB0000958,HMDB0000958,HMDB0000958,FALSE
20230816_HILIC_GlobalList.csv,HMDB60067,CMP-2-aminoethylphosphonate,C11H20N4O10P2,8.5,Negative,429.0581659,CMP-2-aminoethylphosphonate,CMP-2-aminoethylphosphonate,HMDB0060067,HMDB0060067,HMDB0060067,FALSE
20230816_HILIC_GlobalList.csv,HMDB0000094,Citrate/Isocitrate,C6H8O7,11,Negative,191.0197026,Citrate,NA,NA,HMDB0000094,HMDB0000094,TRUE
20230816_HILIC_GlobalList.csv,HMDB03349,Dihydroorotate,C5H6N2O4,6.6,Negative,157.0254567,Dihydroorotate,"4,5-Dihydroorotic acid",HMDB0000528,HMDB0003349,HMDB0003349,TRUE
20230816_HILIC_GlobalList.csv,HMDB00134,Fumarate,C4H4O4,9.3,Negative,115.0036586,Fumarate,Fumaric acid,HMDB0000134,HMDB0000134,HMDB0000134,FALSE
20230816_HILIC_GlobalList.csv,HMDB00252,Sphingosine,C18H37NO2,2.5,Positive,300.2897,Sphingosine,Sphingosine,HMDB0000252,,HMDB0000252,FALSE
20230816_HILIC_GlobalList.csv,HMDB08103,PC (36:2),C44H84NO8P,1.3,Positive,786.6007552,PC (36:2),NA,NA,HMDB0008103,HMDB0008103,TRUE
20230816_HILIC_GlobalList.csv,HMDB01546,Cytidine diphosphate,C9H15N3O11P2,10,Negative,402.0108814,Cytidine diphosphate,CDP,HMDB0001546,HMDB0001546,HMDB0001546,FALSE
20230816_HILIC_GlobalList.csv,HMDB13713,N-Acetyltryptophan,C13H14N2O3,4.2,Negative,245.0931423,N-Acetyltryptophan,N-Acetyltryptophan,HMDB0013713,HMDB0013713,HMDB0013713,FALSE
20230816_HILIC_GlobalList.csv,HMDB00286,UDP-glucose,C15H24N2O17P2,9.4,Negative,565.0477204,UDP-glucose,Uridine diphosphate glucose,HMDB0000286,HMDB0000286,HMDB0000286,FALSE
20230816_HILIC_GlobalList.csv,HMDB00156,Malate,C4H6O5,9.3,Negative,133.0142233,Malate,Malic acid,HMDB0000156,HMDB0000156,HMDB0000156,FALSE
20230816_HILIC_GlobalList.csv,HMDB00824,Carnitine (3:0),C10H19NO4,5,Positive,218.1387,Carnitine (3:0),NA,NA,HMDB0000824,HMDB0000824,TRUE
20230816_HILIC_GlobalList.csv,HMDB01473,Dihydroxyacetone phosphate,C3H7O6P,9,Negative,168.9907245,Dihydroxyacetone phosphate,Dihydroxyacetone phosphate,HMDB0001473,HMDB0001473,HMDB0001473,FALSE
20230816_HILIC_GlobalList.csv,HMDB02013,Carnitine (4:0),C11H21NO4,4.3,Positive,232.1543582,Carnitine (4:0),NA,NA,HMDB0002013,HMDB0002013,TRUE
20230816_HILIC_GlobalList.csv,HMDB00123,Glycine,C2H5NO2,8,Positive,76.03932841,Glycine,Glycine,HMDB0000123,HMDB0000123,HMDB0000123,FALSE
20230816_HILIC_GlobalList.csv,HMDB00446,N-alpha-Acetyllysine,C8H16N2O3,7.4,Positive,189.1233924,N-alpha-Acetyllysine,N-alpha-Acetyl-L-lysine,HMDB0000446,,HMDB0000446,FALSE
20230816_HILIC_GlobalList.csv,HMDB11503,Lyso-PE (16:0),C21H44NO7P,2,Positive,454.2928393,Lyso-PE (16:0),NA,NA,HMDB0011503,HMDB0011503,TRUE
20230816_HILIC_GlobalList.csv,HMDB02117,Oleamide,C18H35NO,2,Positive,282.2791647,Oleamide,Oleamide,HMDB0002117,HMDB0002117,HMDB0002117,FALSE
20230816_HILIC_GlobalList.csv,HMDB15687,Salicylamide,C7H7NO2,1.8,Negative,136.0403785,Salicylamide,Salicylamide,HMDB0015687,HMDB0015687,HMDB0015687,FALSE
20230816_HILIC_GlobalList.csv,HMDB08599,PC (40:5),C48H86NO8P,1.3,Positive,836.6164052,PC (40:5),NA,NA,HMDB0008599,HMDB0008599,TRUE
20230816_HILIC_GlobalList.csv,HMDB03073,Gamma-linolenate,C18H30O2,2.1,Negative,277.2172802,Gamma-linolenate,gamma-Linolenic acid,HMDB0003073,HMDB0003073,HMDB0003073,FALSE
20230816_HILIC_GlobalList.csv,HMDB00714,Hippurate,C9H9NO3,3.9,Negative,178.0509432,Hippurate,Hippuric acid,HMDB0000714,HMDB0000714,HMDB0000714,FALSE
20230816_HILIC_GlobalList.csv,HMDB00592,Glucosamine 6-sulfate,C6H13NO8S,8.8,Negative,258.0288871,Glucosamine 6-sulfate,Glucosamine 6-sulfate,HMDB0000592,,HMDB0000592,FALSE
20230816_HILIC_GlobalList.csv,HMDB00243,Pyruvate,C3H4O3,5,Negative,87.0087,Pyruvate,Pyruvic acid,HMDB0000243,HMDB0000243,HMDB0000243,FALSE
20230816_HILIC_GlobalList.csv,HMDB01178,Adenosine diphosphate ribose,C15H23N5O14P2,8.6,Negative,558.0643735,Adenosine diphosphate ribose,Adenosine diphosphate ribose,HMDB0001178,HMDB0001178,HMDB0001178,FALSE
20230816_HILIC_GlobalList.csv,HMDB0034365,Theanine,C7H14N2O3,6.75,Positive,175.1077423,Theanine,L-Theanine,HMDB0034365,HMDB0034365,HMDB0034365,FALSE
20230816_HILIC_GlobalList.csv,HMDB03584,Taurocyamine,C3H9N3O3S,7.6,Positive,168.0438,Taurocyamine,Taurocyamine,HMDB0003584,HMDB0003584,HMDB0003584,FALSE
20230816_HILIC_GlobalList.csv,HMDB00670,Homoarginine,C7H16N4O2,11.9,Positive,189.1346,Homoarginine,Homo-L-arginine,HMDB0000670,HMDB0000670,HMDB0000670,FALSE
20230816_HILIC_GlobalList.csv,HMDB59660,Glycerophosphoethanolamine,C5H14NO6P,8.2,Negative,214.0486,Glycerophosphoethanolamine,Glycerylphosphorylethanolamine,HMDB0000114,HMDB0059660,HMDB0059660,TRUE
20230816_HILIC_GlobalList.csv,HMDB00301,Urocanate,C6H6N2O2,6.4,Positive,139.0502274,Urocanate,Urocanic acid,HMDB0000301,HMDB0000301,HMDB0000301,FALSE
20230816_HILIC_GlobalList.csv,HMDB00148,Glutamate,C5H9NO4,8,Positive,148.0604578,Glutamate,Glutamic acid,HMDB0000148,HMDB0000148,HMDB0000148,FALSE
20230816_HILIC_GlobalList.csv,HMDB00194,Anserine,C10H16N4O3,7.3,Positive,241.1295404,Anserine,Anserine,HMDB0000194,HMDB0000194,HMDB0000194,FALSE
20230816_HILIC_GlobalList.csv,HMDB01178,ADP-ribose,C15H23N5O14P2,8.8,Positive,560.0789735,ADP-ribose,Adenosine diphosphate ribose,HMDB0001178,HMDB0001178,HMDB0001178,FALSE
20230816_HILIC_GlobalList.csv,HMDB00669,2-Hydroxyphenylacetate,C8H8O3,3.7,Negative,151.0400441,2-Hydroxyphenylacetate,ortho-Hydroxyphenylacetic acid,HMDB0000669,HMDB0000669,HMDB0000669,FALSE
20230816_HILIC_GlobalList.csv,HMDB01202,Deoxycytidine monophosphate,C9H14N3O7P,8.4,Negative,306.0496363,Deoxycytidine monophosphate,dCMP,HMDB0001202,HMDB0001202,HMDB0001202,FALSE
20230816_HILIC_GlobalList.csv,HMDB0000086,Glycerophosphocholine,C8H21NO6P,7.4,Positive,258.1106,Glycerophosphocholine,Glycerophosphocholine,HMDB0000086,HMDB0000086,HMDB0000086,FALSE
20230816_HILIC_GlobalList.csv,HMDB0003357,N-Acetylornithine,C7H14N2O3,7.2,Negative,173.0931,N-Acetylornithine,N2-Acetylornithine,HMDB0003357,HMDB0003357,HMDB0003357,FALSE
20230816_HILIC_GlobalList.csv,HMDB36458,1-Aminocyclopropanecarboxylate,C4H7NO2,7,Positive,102.0549785,1-Aminocyclopropanecarboxylate,1-Aminocyclopropanecarboxylic acid,HMDB0036458,,HMDB0036458,FALSE
20230816_HILIC_GlobalList.csv,HMDB01138,N-Acetylglutamate,C7H11NO5,8.4,Positive,190.0710225,N-Acetylglutamate,N-Acetyl-L-glutamic acid,HMDB0001138,HMDB0001138,HMDB0001138,FALSE
20230816_HILIC_GlobalList.csv,HMDB00099,Cystathionine,C7H14N2O4S,8.9,Positive,223.0747276,Cystathionine,L-Cystathionine,HMDB0000099,HMDB0000099,HMDB0000099,FALSE
20230816_HILIC_GlobalList.csv,HMDB29659,"2',4'-Dihydroxyacetophenone",C8H8O3,1.8,Negative,151.0400441,"2',4'-Dihydroxyacetophenone","2',4'-Dihydroxyacetophenone",HMDB0029659,HMDB0029659,HMDB0029659,FALSE
20230816_HILIC_GlobalList.csv,HMDB00244,Riboflavin,C17H20N4O6,3.9,Negative,375.1309844,Riboflavin,Riboflavin,HMDB0000244,HMDB0000244,HMDB0000244,FALSE
20230816_HILIC_GlobalList.csv,HMDB13287,"N,N-Dimethyllysine",C8H18N2O2,10.7,Positive,175.1441278,"N,N-Dimethyllysine",NA,NA,,HMDB0013287,TRUE
20230816_HILIC_GlobalList.csv,HMDB00254,Succinate,C4H6O4,8.8,Negative,117.0193087,Succinate,Succinic acid,HMDB0000254,HMDB0000254,HMDB0000254,FALSE
20230816_HILIC_GlobalList.csv,HMDB01068,Sedoheptulose 7-phosphate,C7H15O10P,9.4,Negative,289.033,Sedoheptulose 7-phosphate,Sedoheptulose 7-phosphate,HMDB0258206,HMDB0001068,HMDB0001068,TRUE
20230816_HILIC_GlobalList.csv,HMDB00299,Xanthosine,C10H12N4O6,7,Negative,283.0683841,Xanthosine,Xanthosine,HMDB0000299,HMDB0000299,HMDB0000299,FALSE
20230816_HILIC_GlobalList.csv,HMDB01206,Acetyl-CoA,C23H38N7O17P3S,8.2,Positive,810.1330731,Acetyl-CoA,Acetyl-CoA,HMDB0001206,HMDB0001206,HMDB0001206,FALSE
20230816_HILIC_GlobalList.csv,HMDB11518,Lyso-PE (20:4),C25H44NO7P,2,Positive,502.2928393,Lyso-PE (20:4),NA,NA,HMDB0011518,HMDB0011518,TRUE
20230816_HILIC_GlobalList.csv,HMDB00905,Deoxyadenosine monophosphate,C10H14N5O6P,7.4,Negative,330.0608697,Deoxyadenosine monophosphate,Deoxyadenosine monophosphate,HMDB0000905,HMDB0000905,HMDB0000905,FALSE
20230816_HILIC_GlobalList.csv,HMDB00288,Uridine monophosphate,C9H13N2O9P,8.6,Negative,323.0285665,Uridine monophosphate,Uridine 5'-monophosphate,HMDB0000288,HMDB0000288,HMDB0000288,FALSE
20230816_HILIC_GlobalList.csv,HMDB00814,N-Acetylhexosamine sulfate,C8H15NO9S,6.7,Negative,300.0394518,N-Acetylhexosamine sulfate,NA,NA,HMDB0000814,HMDB0000814,TRUE
20230816_HILIC_GlobalList.csv,HMDB01161,Deoxycarnitine,C7H15NO2,6.4,Positive,146.11758,Deoxycarnitine,4-Trimethylammoniobutanoic acid,HMDB0001161,HMDB0001161,HMDB0001161,FALSE
20230816_HILIC_GlobalList.csv,HMDB0112608,PS (40:6),C46H78NO10P,1.3,Negative,834.5290347,PS (40:6),NA,NA,HMDB0112608,HMDB0112608,TRUE
20230816_HILIC_GlobalList.csv,HMDB08280,PC (40:4),C48H88NO8P,1.3,Positive,838.6320553,PC (40:4),NA,NA,HMDB0008280,HMDB0008280,TRUE
20230816_HILIC_GlobalList.csv,HMDB00161,Alanine,C3H7NO2,7.4,Positive,90.05497847,Alanine,Alanine,,HMDB0000161,HMDB0000161,TRUE
20230816_HILIC_GlobalList.csv,HMDB00283,Pentoses,C5H10O5,6.3,Negative,149.0455234,Pentoses,NA,NA,HMDB0000283,HMDB0000283,TRUE
20230816_HILIC_GlobalList.csv,HMDB06028,N-Acetylasparagine,C6H10N2O4,6.7,Negative,173.0567568,N-Acetylasparagine,N-Acetylasparagine,HMDB0006028,HMDB0006028,HMDB0006028,FALSE
20230816_HILIC_GlobalList.csv,HMDB01458,Biotin amide,C10H17N3O2S,6.1,Positive,244.1114475,Biotin amide,Biotin amide,HMDB0001458,,HMDB0001458,FALSE
20230816_HILIC_GlobalList.csv,HMDB00707,3-(4-Hydroxyphenyl)pyruvate,C9H8O4,4.7,Negative,179.0349587,3-(4-Hydroxyphenyl)pyruvate,4-Hydroxyphenylpyruvic acid,HMDB0000707,HMDB0000707,HMDB0000707,FALSE
20230816_HILIC_GlobalList.csv,HMDB0009064,PE (38:1),C43H84NO8P,1.3,Positive,774.6007552,PE (38:1),NA,NA,HMDB0009064,HMDB0009064,TRUE
20230816_HILIC_GlobalList.csv,HMDB00082,Cytidine triphosphate,C9H16N3O14P3,11,Negative,481.9772,Cytidine triphosphate,Cytidine triphosphate,HMDB0000082,HMDB0000082,HMDB0000082,FALSE
20230816_HILIC_GlobalList.csv,HMDB28933,Leu-Leu,C12H24N2O3,1.9,Positive,245.1859926,Leu-Leu,Leucylleucine,HMDB0028933,HMDB0028933,HMDB0028933,FALSE
20230816_HILIC_GlobalList.csv,HMDB07906,PC (32:2),C40H76NO8P,1.3,Positive,730.5381549,PC (32:2),NA,NA,HMDB0007906,HMDB0007906,TRUE
20230816_HILIC_GlobalList.csv,HMDB00175,Inosine monophosphate,C10H13N4O8P,8.7,Negative,347.0397999,Inosine monophosphate,Inosinic acid,HMDB0000175,HMDB0000175,HMDB0000175,FALSE
20230816_HILIC_GlobalList.csv,HMDB00208,alpha-Ketoglutarate,C5H6O5,9.2,Negative,145.0142233,alpha-Ketoglutarate,Oxoglutaric acid,HMDB0000208,HMDB0000208,HMDB0000208,FALSE
20230816_HILIC_GlobalList.csv,HMDB12152,2-Mannosyl-3-phosphoglycerate,C9H17O12P,8.7,Negative,347.0384625,2-Mannosyl-3-phosphoglycerate,NA,NA,,HMDB0012152,TRUE
20230816_HILIC_GlobalList.csv,HMDB0000807,2-/3-Phosphoglycerate,C3H7O7P,9.9,Negative,184.9856391,2-,NA,NA,HMDB0000807,HMDB0000807,TRUE
20230816_HILIC_GlobalList.csv,HMDB01051,Glyceraldehyde,C3H6O3,5.5,Negative,89.02439406,Glyceraldehyde,Glyceraldehyde,HMDB0001051,HMDB0001051,HMDB0001051,FALSE
20230816_HILIC_GlobalList.csv,HMDB00190,Lactate,C3H6O3,5.9,Negative,89.02439406,Lactate,Lactic acid,HMDB0000190,HMDB0000190,HMDB0000190,FALSE
20230816_HILIC_GlobalList.csv,HMDB00205,Phenylpyruvate,C9H8O3,2.7,Negative,163.0400441,Phenylpyruvate,Phenylpyruvic acid,HMDB0000205,HMDB0000205,HMDB0000205,FALSE
20230816_HILIC_GlobalList.csv,HMDB00536,Adenylsuccinate,C14H18N5O11P,11.5,Positive,464.081295,Adenylsuccinate,6-Succinoaminopurine,HMDB0013204,HMDB0000536,HMDB0000536,TRUE
20230816_HILIC_GlobalList.csv,HMDB08049,PC (38:4),C46H84NO8P,1.3,Positive,810.6007552,PC (38:4),NA,NA,HMDB0008049,HMDB0008049,TRUE
20230816_HILIC_GlobalList.csv,HMDB0001409,Deoxyuridine monophosphate,C9H13N2O8P,7.9,Negative,307.0336519,Deoxyuridine monophosphate,dUMP,HMDB0001409,HMDB0001409,HMDB0001409,FALSE
20230816_HILIC_GlobalList.csv,HMDB00045,Adenosine monophosphate,C10H14N5O7P,7.8,Positive,348.0703843,Adenosine monophosphate,Adenosine monophosphate,HMDB0000045,HMDB0000045,HMDB0000045,FALSE
20230816_HILIC_GlobalList.csv,HMDB61634,3-Hydroxycarnitine (8:0),C15H29NO5,3.7,Positive,304.211873,3-Hydroxycarnitine (8:0),NA,NA,HMDB0061634,HMDB0061634,TRUE
20230816_HILIC_GlobalList.csv,HMDB03337,Glutathione disulfide,C20H32N6O12S2,10.2,Positive,613.1593,Glutathione disulfide,Oxidized glutathione,HMDB0003337,HMDB0003337,HMDB0003337,FALSE
20230816_HILIC_GlobalList.csv,HMDB00052,Argininosuccinate,C10H18N4O6,9.2,Positive,291.1299,Argininosuccinate,Argininosuccinic acid,HMDB0000052,HMDB0000052,HMDB0000052,FALSE
20230816_HILIC_GlobalList.csv,HMDB07971,PC (34:1),C42H82NO8P,1.3,Positive,760.5851051,PC (34:1),NA,NA,HMDB0007971,HMDB0007971,TRUE
20230816_HILIC_GlobalList.csv,HMDB00791,Carnitine (8:0),C15H29NO4,3,Positive,288.2169584,Carnitine (8:0),NA,NA,HMDB0000791,HMDB0000791,TRUE
20230816_HILIC_GlobalList.csv,HMDB0001487,NADH,C21H29N7O14P2,8.2,Negative,664.1174717,NADH,NADH,HMDB0001487,,HMDB0001487,FALSE
20230816_HILIC_GlobalList.csv,HMDB0341354,Methyl 4-aminobutyrate,C5H11NO2,6.3,Positive,118.08628,Methyl 4-aminobutyrate,NA,NA,,HMDB0341354,TRUE
20230816_HILIC_GlobalList.csv,HMDB0000127,Hexarates,C6H10O7,8.8,Negative,193.0353527,Hexarates,NA,NA,HMDB0000127,HMDB0000127,TRUE
20230816_HILIC_GlobalList.csv,HMDB0002545,Galacturonate,C6H10O7,9,Negative,193.0353527,Galacturonate,Galacturonic acid,HMDB0002545,HMDB0002545,HMDB0002545,FALSE
20230816_HILIC_GlobalList.csv,HMDB00883,Valine,C5H11NO2,6.1,Negative,116.0716786,Valine,L-Valine,HMDB0000883,HMDB0000883,HMDB0000883,FALSE
20230816_HILIC_GlobalList.csv,HMDB03345,Glucose,C6H12O6,6.8,Negative,179.0560881,Glucose,D-Glucose,HMDB0000122,HMDB0003345,HMDB0003345,TRUE
20230816_HILIC_GlobalList.csv,HMDB00172,Isoleucine,C6H13NO2,5.4,Positive,132.1019287,Isoleucine,Isoleucine,HMDB0000172,HMDB0000172,HMDB0000172,FALSE
20230816_HILIC_GlobalList.csv,HMDB00201,Acetylcarnitine,C9H17NO4,5.1,Positive,204.123058,Acetylcarnitine,L-Acetylcarnitine,HMDB0000201,HMDB0000201,HMDB0000201,FALSE
20230816_HILIC_GlobalList.csv,HMDB00085,Deoxyguanosine,C10H13N5O4,5.2,Negative,266.0894539,Deoxyguanosine,Deoxyguanosine,HMDB0000085,HMDB0000085,HMDB0000085,FALSE
20230816_HILIC_GlobalList.csv,HMDB06336,ADP-ribose phosphate,C15H24N5O17P3,11.6,Positive,640.0453039,ADP-ribose phosphate,NA,NA,HMDB0006336,HMDB0006336,TRUE
20230816_HILIC_GlobalList.csv,HMDB08115,PC (38:5),C46H82NO8P,1.3,Positive,808.5851051,PC (38:5),NA,NA,HMDB0008115,HMDB0008115,TRUE
20230816_HILIC_GlobalList.csv,HMDB00893,Suberate,C8H14O4,7.5,Negative,173.0819089,Suberate,Suberic acid,HMDB0000893,HMDB0000893,HMDB0000893,FALSE
20230816_HILIC_GlobalList.csv,HMDB10717,Oxohexanoic acid,C6H10O3,1.9,Negative,129.0556942,Oxohexanoic acid,NA,NA,HMDB0010717,HMDB0010717,TRUE
20230816_HILIC_GlobalList.csv,HMDB04230,Pyrrole 2-carboxylate,C5H5NO2,5.3,Negative,110.0247284,Pyrrole 2-carboxylate,NA,NA,HMDB0004230,HMDB0004230,TRUE
20230816_HILIC_GlobalList.csv,HMDB0062477,2-Deoxyglucose,C6H12O5,5.7,Negative,163.0611735,2-Deoxyglucose,2-Deoxyglucose,HMDB0062477,HMDB0062477,HMDB0062477,FALSE
20230816_HILIC_GlobalList.csv,HMDB00996,3-Sulfinoalanine,C3H7NO4S,8,Negative,152.0022784,3-Sulfinoalanine,3-Sulfinoalanine,HMDB0000996,HMDB0000996,HMDB0000996,FALSE
20230816_HILIC_GlobalList.csv,HMDB01325,"N,N,N-Trimethyllysine",C9H20N2O2,11.3,Positive,189.1597779,"N,N,N-Trimethyllysine",NA,NA,HMDB0001325,HMDB0001325,TRUE
20230816_HILIC_GlobalList.csv,HMDB60473,Diphthamide,C13H24N5O3,11.3,Positive,298.1879147,Diphthamide,Diphthamide,HMDB0060473,,HMDB0060473,FALSE
20230816_HILIC_GlobalList.csv,HMDB00128,Guanidinoacetate,C3H7N3O2,7.6,Positive,118.0611265,Guanidinoacetate,Guanidoacetic acid,HMDB0000128,HMDB0000128,HMDB0000128,FALSE
20230816_HILIC_GlobalList.csv,HMDB00214,Ornithine,C5H12N2O2,11.3,Positive,133.0971776,Ornithine,Ornithine,HMDB0000214,HMDB0000214,HMDB0000214,FALSE
20230816_HILIC_GlobalList.csv,HMDB01044,Deoxyguanosine monophosphate,C10H14N5O7P,7,Negative,346.0557843,Deoxyguanosine monophosphate,2'-Deoxyguanosine 5'-monophosphate,HMDB0001044,HMDB0001044,HMDB0001044,FALSE
20230816_HILIC_GlobalList.csv,HMDB33731,Quinoline,C9H7N,6,Positive,130.0651492,Quinoline,Quinoline,HMDB0033731,HMDB0033731,HMDB0033731,FALSE
20230816_HILIC_GlobalList.csv,HMDB28702,Arg-Ala,C9H19N5O3,8.6,Positive,246.1560895,Arg-Ala,Arginylalanine,HMDB0028702,HMDB0028702,HMDB0028702,FALSE
20230816_HILIC_GlobalList.csv,HMDB00695,Ketoleucine,C6H10O3,3.7,Negative,129.055695,Ketoleucine,Ketoleucine,HMDB0000695,HMDB0000695,HMDB0000695,FALSE
20230816_HILIC_GlobalList.csv,HMDB00062,Carnitine,C7H15NO3,6.7,Positive,162.1124934,Carnitine,L-Carnitine,HMDB0000062,HMDB0000062,HMDB0000062,FALSE
20230816_HILIC_GlobalList.csv,HMDB00290,UDP-N-acetylglucosamine,C17H27N3O17P2,8.8,Negative,606.0742695,UDP-N-acetylglucosamine,Uridine diphosphate-N-acetylglucosamine,HMDB0000290,HMDB0000290,HMDB0000290,FALSE
20211006-HILIC_GlobalList.csv,HMDB00267,Pyroglutamate,C5H7NO3,5.8,Negative,128.0352931,Pyroglutamate,Pyroglutamic acid,HMDB0000267,HMDB0000267,HMDB0000267,FALSE
20230816_HILIC_GlobalList.csv,HMDB29033,Ser-Arg,C9H19N5O4,8.5,Positive,262.1510041,Ser-Arg,Serylarginine,HMDB0029033,HMDB0029033,HMDB0029033,FALSE
20230816_HILIC_GlobalList.csv,HMDB00076,Dihydrouracil,C4H6N2O2,2.3,Negative,113.035631,Dihydrouracil,Dihydrouracil,HMDB0000076,HMDB0000076,HMDB0000076,FALSE
20230816_HILIC_GlobalList.csv,HMDB61633,3-Hydroxycarnitine (6:0),C13H25NO5,4.4,Positive,276.1805729,3-Hydroxycarnitine (6:0),NA,NA,HMDB0061633,HMDB0061633,TRUE
20230816_HILIC_GlobalList.csv,HMDB00956,Tartrate,C4H6O6,9.8,Negative,149.0091379,Tartrate,Tartaric acid,HMDB0000956,HMDB0000956,HMDB0000956,FALSE
20230816_HILIC_GlobalList.csv,HMDB00806,FA (14:0),C14H28O2,1.6,Negative,227.2016,FA (14:0),NA,NA,HMDB0000806,HMDB0000806,TRUE
20230816_HILIC_GlobalList.csv,HMDB00296,Uridine,C9H12N2O6,4.3,Negative,243.0622361,Uridine,Uridine,HMDB0000296,HMDB0000296,HMDB0000296,FALSE
20230816_HILIC_GlobalList.csv,"",Lumichrome,C12H10N4O2,2.4,Negative,241.073076,Lumichrome,Lumichrome,HMDB0254199,HMDB0254199,,TRUE
20230816_HILIC_GlobalList.csv,HMDB31159,Hydroxycitrate,C6H8O8,9.9,Negative,207.0146172,Hydroxycitrate,Garcinia acid,HMDB0031159,,HMDB0031159,FALSE
20230816_HILIC_GlobalList.csv,HMDB29132,Val-Lys,C11H23N3O3,11.6,Positive,246.1812416,Val-Lys,Valyllysine,HMDB0029132,HMDB0029132,HMDB0029132,FALSE
20230816_HILIC_GlobalList.csv,HMDB00827,FA (18:0),C18H36O2,1.3,Negative,283.2642304,FA (18:0),NA,NA,HMDB0000827,HMDB0000827,TRUE
20230816_HILIC_GlobalList.csv,HMDB04827,Stachydrine,C7H13NO2,5,Positive,144.1019287,Stachydrine,Proline betaine,HMDB0004827,HMDB0004827,HMDB0004827,FALSE
20230816_HILIC_GlobalList.csv,HMDB61642,3-Hydroxycarnitine (16:0),C23H45NO5,2.6,Positive,416.3370736,3-Hydroxycarnitine (16:0),NA,NA,HMDB0061642,HMDB0061642,TRUE
20230816_HILIC_GlobalList.csv,HMDB01201,Guanosine diphosphate,C10H15N5O11P2,10.4,Negative,442.0170294,Guanosine diphosphate,Guanosine diphosphate,HMDB0001201,HMDB0001201,HMDB0001201,FALSE
20230816_HILIC_GlobalList.csv,HMDB01890,N-Acetylcysteine,C5H9NO3S,4.6,Negative,162.0230138,N-Acetylcysteine,Acetylcysteine,HMDB0001890,HMDB0001890,HMDB0001890,FALSE
20230816_HILIC_GlobalList.csv,HMDB09098,PE (38:3),C43H80NO8P,1.3,Positive,770.5694551,PE (38:3),NA,NA,HMDB0009098,HMDB0009098,TRUE
20230816_HILIC_GlobalList.csv,HMDB10401,Lyso-PC (22:4),C30H54NO7P,2,Positive,572.3710896,Lyso-PC (22:4),NA,NA,HMDB0010401,HMDB0010401,TRUE
20230816_HILIC_GlobalList.csv,HMDB00177,Histidine,C6H9N3O2,7.9,Positive,156.0767765,Histidine,Histidine,HMDB0000177,HMDB0000177,HMDB0000177,FALSE
20230816_HILIC_GlobalList.csv,HMDB00812,N-Acetylaspartate,C6H9NO5,8.6,Negative,174.0407724,N-Acetylaspartate,N-Acetyl-L-aspartic acid,HMDB0000812,HMDB0000812,HMDB0000812,FALSE
20230816_HILIC_GlobalList.csv,"",PC (20:0),C28H56NO8P,1.5,Positive,566.381657,PC (20:0),NA,NA,,,TRUE
20230816_HILIC_GlobalList.csv,HMDB00124,Fructose 6-phosphate,C6H13O9P,9,Negative,259.0224185,Fructose 6-phosphate,Fructose 6-phosphate,HMDB0000124,HMDB0000124,HMDB0000124,FALSE
20230816_HILIC_GlobalList.csv,HMDB08001,PC (32:1),C40H78NO8P,1.3,Positive,732.553805,PC (32:1),NA,NA,HMDB0008001,HMDB0008001,TRUE
20230816_HILIC_GlobalList.csv,HMDB00489,Aspartylglycosamine,C12H21N3O8,8.5,Positive,336.1401647,Aspartylglycosamine,Aspartylglycosamine,HMDB0000489,HMDB0000489,HMDB0000489,FALSE
20230816_HILIC_GlobalList.csv,HMDB02212,FA (20:0),C20H40O2,1.3,Negative,311.2955305,FA (20:0),NA,NA,HMDB0002212,HMDB0002212,TRUE
20230816_HILIC_GlobalList.csv,HMDB00162,Proline,C5H9NO2,6,Positive,116.0706285,Proline,Proline,HMDB0000162,HMDB0000162,HMDB0000162,FALSE
20230816_HILIC_GlobalList.csv,HMDB00158,Tyrosine,C9H11NO3,6.5,Positive,182.0811932,Tyrosine,L-Tyrosine,HMDB0000158,HMDB0000158,HMDB0000158,FALSE
20230816_HILIC_GlobalList.csv,HMDB09420,PE (38:4),C43H78NO8P,1.3,Positive,768.553805,PE (38:4),NA,NA,HMDB0009420,HMDB0009420,TRUE
20230816_HILIC_GlobalList.csv,HMDB00126,Glycerol 3-phosphate,C3H9O6P,8.5,Negative,171.0063745,Glycerol 3-phosphate,Glycerol 3-phosphate,HMDB0000126,HMDB0000126,HMDB0000126,FALSE
20230816_HILIC_GlobalList.csv,HMDB01127,6-Phosphonogluconolactone,C6H11O9P,11,Positive,259.0213685,6-Phosphonogluconolactone,NA,NA,HMDB0001127,HMDB0001127,TRUE
20230816_HILIC_GlobalList.csv,HMDB01185,S-Adenosylmethionine,C15H22N6O5S,8.8,Positive,399.14454,S-Adenosylmethionine,S-Adenosylmethionine,HMDB0001185,HMDB0001185,HMDB0001185,FALSE
20230816_HILIC_GlobalList.csv,HMDB00191,Aspartate,C4H7NO4,8.2,Negative,132.0302077,Aspartate,L-Aspartic acid,HMDB0000191,HMDB0000191,HMDB0000191,FALSE
20230816_HILIC_GlobalList.csv,HMDB00064,Creatine,C4H9N3O2,7.1,Positive,132.0767765,Creatine,Creatine,HMDB0000064,HMDB0000064,HMDB0000064,FALSE
20230816_HILIC_GlobalList.csv,HMDB10386,Lyso-PC (18:2),C26H50NO7P,2,Positive,520.3397895,Lyso-PC (18:2),NA,NA,HMDB0010386,HMDB0010386,TRUE
20230816_HILIC_GlobalList.csv,HMDB00230,N-Acetylneuraminate,C11H19NO9,7.5,Positive,310.1132812,N-Acetylneuraminate,N-Acetylneuraminate,,HMDB0000230,HMDB0000230,TRUE
20230816_HILIC_GlobalList.csv,HMDB00715,Kynurenate,C10H7NO3,3.9,Positive,190.0498931,Kynurenate,Kynurenic acid,HMDB0000715,HMDB0000715,HMDB0000715,FALSE
20230816_HILIC_GlobalList.csv,HMDB28815,Glu-Asp,C9H14N2O7,8.6,Negative,261.0728008,Glu-Asp,Glutamylaspartic acid,HMDB0028815,HMDB0028815,HMDB0028815,FALSE
20230816_HILIC_GlobalList.csv,"",Psicose,C6H12O6,5.5,Negative,179.05609,Psicose,Psicose,,,,TRUE
20230816_HILIC_GlobalList.csv,HMDB01112,Glyceraldehyde 3-phosphate,C3H7O6P,9.7,Negative,168.990728,Glyceraldehyde 3-phosphate,Glyceraldehyde 3-phosphate,HMDB0001112,HMDB0001112,HMDB0001112,FALSE
20230816_HILIC_GlobalList.csv,HMDB01397,Guanosine monophosphate,C10H14N5O8P,9.3,Positive,364.065251,Guanosine monophosphate,Guanosine monophosphate,HMDB0001397,HMDB0001397,HMDB0001397,FALSE
20230816_HILIC_GlobalList.csv,HMDB00355,3-Hydroxymethylglutarate,C6H10O5,8.3,Negative,161.0455234,3-Hydroxymethylglutarate,3-Hydroxymethylglutaric acid,HMDB0000355,HMDB0000355,HMDB0000355,FALSE
20230816_HILIC_GlobalList.csv,HMDB05066,Carnitine (14:0),C21H41NO4,2,Positive,372.3108588,Carnitine (14:0),NA,NA,HMDB0005066,HMDB0005066,TRUE
20230816_HILIC_GlobalList.csv,HMDB00705,Carnitine (6:0),C13H25NO4,3.3,Positive,260.1856583,Carnitine (6:0),NA,NA,HMDB0000705,HMDB0000705,TRUE
20230816_HILIC_GlobalList.csv,HMDB00078,Cys-Gly,C5H10N2O3S,8,Positive,179.0485129,Cys-Gly,Cysteinylglycine,HMDB0000078,HMDB0000078,HMDB0000078,FALSE
20230816_HILIC_GlobalList.csv,HMDB0000125,Glutathione,C10H17N3O6S,7.9,Positive,308.091106,Glutathione,Glutathione,HMDB0000125,,HMDB0000125,FALSE
20230816_HILIC_GlobalList.csv,HMDB00043,Betaine,C5H11NO2,5.1,Positive,118.0862786,Betaine,Betaine,HMDB0000043,HMDB0000043,HMDB0000043,FALSE
20230816_HILIC_GlobalList.csv,HMDB28827,Glu-Pro,C10H16N2O5,8.3,Positive,245.1132216,Glu-Pro,Glutamylproline,HMDB0028827,HMDB0028827,HMDB0028827,FALSE
20230816_HILIC_GlobalList.csv,HMDB05060,FA (20:2),C20H36O2,1.3,Negative,307.2642304,FA (20:2),NA,NA,HMDB0005060,HMDB0005060,TRUE
20230816_HILIC_GlobalList.csv,HMDB08133,PC (34:2),C42H80NO8P,1.3,Positive,758.5694551,PC (34:2),NA,NA,HMDB0008133,HMDB0008133,TRUE
20230816_HILIC_GlobalList.csv,HMDB00251,Taurine,C2H7NO3S,7.5,Positive,126.0219638,Taurine,Taurine,HMDB0000251,HMDB0000251,HMDB0000251,FALSE
20230816_HILIC_GlobalList.csv,HMDB00711,Hydroxy-FA (8:0),C8H16O3,1.6,Negative,159.1026,Hydroxy-FA (8:0),NA,NA,HMDB0000711,HMDB0000711,TRUE
20230816_HILIC_GlobalList.csv,HMDB00622,Ethylmalonate,C5H8O4,6.9,Negative,131.0349587,Ethylmalonate,Ethylmalonic acid,HMDB0000622,HMDB0000622,HMDB0000622,FALSE
20230816_HILIC_GlobalList.csv,"",Glycerol cyclic phosphate,C3H7O5P,7,Negative,152.9958,Glycerol cyclic phosphate,NA,NA,,,TRUE
20230816_HILIC_GlobalList.csv,HMDB00626,Deoxycholate,C24H40O4,2.7,Negative,391.2853598,Deoxycholate,Deoxycholic acid,HMDB0000626,HMDB0000626,HMDB0000626,FALSE
20230816_HILIC_GlobalList.csv,HMDB01517,AICAR,C9H15N4O8P,8.6,Negative,337.05545,AICAR,AICAR,HMDB0001517,HMDB0001517,HMDB0001517,FALSE
20230816_HILIC_GlobalList.csv,HMDB00159,Phenylalanine,C9H11NO2,5.1,Positive,166.0862786,Phenylalanine,Phenylalanine,HMDB0000159,HMDB0000159,HMDB0000159,FALSE
20230816_HILIC_GlobalList.csv,HMDB00130,Homogentisate,C8H8O4,5.3,Negative,167.0349587,Homogentisate,Homogentisic acid,HMDB0000130,HMDB0000130,HMDB0000130,FALSE
20230816_HILIC_GlobalList.csv,HMDB00211,Myoinositol,C6H12O6,8.4,Negative,179.0560881,Myoinositol,myo-Inositol,HMDB0000211,HMDB0000211,HMDB0000211,FALSE
20230816_HILIC_GlobalList.csv,HMDB08069,PC (36:1),C44H86NO8P,1.3,Positive,788.6164052,PC (36:1),NA,NA,HMDB0008069,HMDB0008069,TRUE
20230816_HILIC_GlobalList.csv,HMDB00001,1-Methylhistidine,C7H11N3O2,6.7,Positive,170.0924266,1-Methylhistidine,1-Methylhistidine,HMDB0000001,HMDB0000001,HMDB0000001,FALSE
20230816_HILIC_GlobalList.csv,HMDB00752,Methyglutarate,C6H10O4,8.2,Negative,145.0506088,Methyglutarate,NA,NA,HMDB0000752,HMDB0000752,TRUE
20230816_HILIC_GlobalList.csv,HMDB02092,Itaconate,C5H6O4,8.7,Negative,129.0193087,Itaconate,Itaconic acid,HMDB0002092,HMDB0002092,HMDB0002092,FALSE
20230816_HILIC_GlobalList.csv,HMDB06460,Carnitine (20:0),C27H53NO4,2,Positive,456.4047592,Carnitine (20:0),NA,NA,HMDB0006460,HMDB0006460,TRUE
20230816_HILIC_GlobalList.csv,HMDB33752,3-(2-Hydroxyphenyl)propanoate,C9H10O3,3,Negative,165.0556942,3-(2-Hydroxyphenyl)propanoate,3-(2-Hydroxyphenyl)propanoic acid,HMDB0033752,HMDB0033752,HMDB0033752,FALSE
20230816_HILIC_GlobalList.csv,HMDB00682,Indoxyl sulfate,C8H7NO4S,4.1,Negative,212.0022784,Indoxyl sulfate,Indoxyl sulfate,HMDB0000682,HMDB0000682,HMDB0000682,FALSE
20230816_HILIC_GlobalList.csv,HMDB62715,Acetylaminoadipate,C8H13NO5,9,Positive,204.0866725,Acetylaminoadipate,NA,NA,,HMDB0062715,TRUE
20230816_HILIC_GlobalList.csv,HMDB00661,Glutarate,C5H8O4,8.6,Negative,131.0349587,Glutarate,Glutaric acid,HMDB0000661,HMDB0000661,HMDB0000661,FALSE
20230816_HILIC_GlobalList.csv,HMDB12402,PS (36:4),C42H74NO10P,1.3,Negative,782.4977341,PS (36:4),NA,NA,HMDB0012402,HMDB0012402,TRUE
20230816_HILIC_GlobalList.csv,HMDB00217,NADP+,C21H28N7O17P3,10.1,Positive,744.082752,NADP+,,,HMDB0000217,HMDB0000217,TRUE
20230816_HILIC_GlobalList.csv,HMDB00875,Trigonelline,C7H7NO2,9,Positive,138.0549785,Trigonelline,Trigonelline,HMDB0000875,HMDB0000875,HMDB0000875,FALSE
20230816_HILIC_GlobalList.csv,HMDB0008923,PE (32:0),C37H74NO8P,1.3,Positive,692.5225053,PE (32:0),NA,NA,HMDB0008923,HMDB0008923,TRUE
20230816_HILIC_GlobalList.csv,HMDB00426,Citramalate,C5H8O5,8.6,Negative,147.0298734,Citramalate,Citramalic acid,HMDB0000426,HMDB0000426,HMDB0000426,FALSE
20230816_HILIC_GlobalList.csv,HMDB02931,N-Acetylserine,C5H9NO4,6.4,Negative,146.0458578,N-Acetylserine,N-Acetylserine,HMDB0002931,HMDB0002931,HMDB0002931,FALSE
20230816_HILIC_GlobalList.csv,HMDB00224,Phosphoethanolamine,C2H8NO4P,8.4,Positive,142.0263943,Phosphoethanolamine,O-Phosphoethanolamine,HMDB0000224,HMDB0000224,HMDB0000224,FALSE
20230816_HILIC_GlobalList.csv,HMDB00207,FA (18:1),C18H34O2,1.3,Negative,281.2486,FA (18:1),NA,NA,HMDB0000207,HMDB0000207,TRUE
20230816_HILIC_GlobalList.csv,HMDB59654,Deoxypentose monophosphates,C5H11O7P,8,Negative,213.0169392,Deoxypentose monophosphates,NA,NA,,HMDB0059654,TRUE
20230816_HILIC_GlobalList.csv,HMDB59655,2-Hydroxyglutarate,C5H8O5,9,Negative,147.0298734,2-Hydroxyglutarate,2-Hydroxyglutarate,HMDB0059655,HMDB0059655,HMDB0059655,FALSE
20230816_HILIC_GlobalList.csv,HMDB00687,Leucine,C6H13NO2,5.2,Positive,132.1019287,Leucine,Leucine,HMDB0000687,HMDB0000687,HMDB0000687,FALSE
20230816_HILIC_GlobalList.csv,HMDB00050,Adenosine,C10H13N5O4,3.9,Positive,268.1040539,Adenosine,Adenosine,HMDB0000050,HMDB0000050,HMDB0000050,FALSE
20230816_HILIC_GlobalList.csv,HMDB01058,"Fructose 1,6-bisphosphate",C6H14O12P2,11.2,Negative,338.9887489,"Fructose 1,6-bisphosphate","Fructose 1,6-bisphosphate",HMDB0001058,HMDB0001058,HMDB0001058,FALSE
20230816_HILIC_GlobalList.csv,HMDB02064,N-Acetylputrescine,C6H14N2O,9.2,Positive,131.1179131,N-Acetylputrescine,N-Acetylputrescine,HMDB0002064,HMDB0002064,HMDB0002064,FALSE
20230816_HILIC_GlobalList.csv,HMDB01564,CDP-ethanolamine,C11H20N4O11P2,8.8,Negative,445.0530805,CDP-ethanolamine,CDP-ethanolamine,HMDB0001564,HMDB0001564,HMDB0001564,FALSE
20230816_HILIC_GlobalList.csv,HMDB00239,Pyridoxine,C8H11NO3,2.8,Positive,170.0811932,Pyridoxine,Pyridoxine,HMDB0000239,HMDB0000239,HMDB0000239,FALSE
20230816_HILIC_GlobalList.csv,HMDB01401,Glucose 6-phosphate,C6H13O9P,9.4,Negative,259.0224185,Glucose 6-phosphate,Glucose 6-phosphate,HMDB0001401,HMDB0001401,HMDB0001401,FALSE
20230816_HILIC_GlobalList.csv,HMDB00929,Tryptophan,C11H12N2O2,5.7,Positive,205.0971776,Tryptophan,L-Tryptophan,HMDB0000929,HMDB0000929,HMDB0000929,FALSE
20230816_HILIC_GlobalList.csv,HMDB62511,FA (8:0),C8H16O2,1.2,Negative,143.1077298,FA (8:0),NA,NA,HMDB0062511,HMDB0062511,TRUE
20230816_HILIC_GlobalList.csv,HMDB03229,FA (16:1),C16H30O2,1.7,Negative,253.2172802,FA (16:1),NA,NA,HMDB0003229,HMDB0003229,TRUE
20230816_HILIC_GlobalList.csv,HMDB00168,Asparagine,C4H8N2O3,7.8,Positive,133.0607921,Asparagine,L-Asparagine,HMDB0000168,HMDB0000168,HMDB0000168,FALSE
20230816_HILIC_GlobalList.csv,HMDB28818,Glu-Glu,C10H16N2O7,9.8,Negative,275.0884509,Glu-Glu,Glutamylglutamic acid,HMDB0028818,HMDB0028818,HMDB0028818,FALSE
20230816_HILIC_GlobalList.csv,HMDB00295,Uridine diphosphate,C9H14N2O12P2,9.7,Negative,402.9948969,Uridine diphosphate,Uridine 5'-diphosphate,HMDB0000295,HMDB0000295,HMDB0000295,FALSE
20230816_HILIC_GlobalList.csv,HMDB01413,Citicoline,C14H26N4O11P2,8.5,Positive,489.1146307,Citicoline,Citicoline,HMDB0001413,HMDB0001413,HMDB0001413,FALSE
20230816_HILIC_GlobalList.csv,HMDB01316,6-Phosphogluconate,C6H13O10P,10.4,Negative,275.0173331,6-Phosphogluconate,6-Phosphogluconic acid,HMDB0001316,HMDB0001316,HMDB0001316,FALSE
20230816_HILIC_GlobalList.csv,HMDB00734,Indole-3-acrylate,C11H9NO2,5.8,Positive,188.0706285,Indole-3-acrylate,Indoleacrylic acid,HMDB0000734,HMDB0000734,HMDB0000734,FALSE
20230816_HILIC_GlobalList.csv,HMDB00152,"2,5-Dihydroxybenzoate",C7H6O4,4.7,Negative,153.0193087,"2,5-Dihydroxybenzoate",Gentisic acid,HMDB0000152,HMDB0000152,HMDB0000152,FALSE
20230816_HILIC_GlobalList.csv,HMDB00538,Adenosine triphosphate,C10H16N5O13P3,9.8,Positive,508.0029972,Adenosine triphosphate,Adenosine triphosphate,HMDB0000538,HMDB0000538,HMDB0000538,FALSE
20230816_HILIC_GlobalList.csv,HMDB00634,2-Methylmaleate,C5H6O4,3.2,Negative,129.01931,2-Methylmaleate,Citraconic acid,HMDB0000634,HMDB0000634,HMDB0000634,FALSE
20230816_HILIC_GlobalList.csv,HMDB01015,N-Formylmethionine,C6H11NO3S,4.2,Negative,176.0386639,N-Formylmethionine,N-Formyl-L-methionine,HMDB0001015,HMDB0001015,HMDB0001015,FALSE
20230816_HILIC_GlobalList.csv,HMDB00300,Uracil,C4H4N2O2,3.2,Negative,111.0199774,Uracil,Uracil,HMDB0000300,HMDB0000300,HMDB0000300,FALSE
20230816_HILIC_GlobalList.csv,HMDB00285,Uridine triphosphate,C9H15N2O15P3,10.5,Negative,482.9612274,Uridine triphosphate,Uridine triphosphate,HMDB0000285,HMDB0000285,HMDB0000285,FALSE
20230816_HILIC_GlobalList.csv,HMDB00939,S-Adenosylhomocysteine,C14H20N6O5S,7,Positive,385.1288885,S-Adenosylhomocysteine,S-Adenosylhomocysteine,HMDB0000939,HMDB0000939,HMDB0000939,FALSE
20230816_HILIC_GlobalList.csv,HMDB02059,Hydroxy-FA (12:0),C12H24O3,1.6,Negative,215.1652446,Hydroxy-FA (12:0),NA,NA,HMDB0002059,HMDB0002059,TRUE
20230816_HILIC_GlobalList.csv,HMDB04110,Phosphonoacetate,C2H5O5P,9.5,Negative,138.9801598,Phosphonoacetate,Phosphonoacetate,HMDB0004110,HMDB0004110,HMDB0004110,FALSE
20230816_HILIC_GlobalList.csv,HMDB08616,PC (44:8),C52H88NO8P,1.3,Positive,886.6320553,PC (44:8),NA,NA,HMDB0008616,HMDB0008616,TRUE
20230816_HILIC_GlobalList.csv,HMDB13207,Carnitine (16:1),C23H43NO4,2,Positive,398.3265089,Carnitine (16:1),NA,NA,HMDB0013207,HMDB0013207,TRUE
20230816_HILIC_GlobalList.csv,HMDB02022,Glycineamideribotide,C7H15N2O8P,8.7,Positive,287.063878,Glycineamideribotide,Glycineamideribotide,HMDB0002022,HMDB0002022,HMDB0002022,FALSE
20230816_HILIC_GlobalList.csv,HMDB0000848,Carnitine (18:0),C25H49NO4,2,Positive,428.3734591,Carnitine (18:0),NA,NA,HMDB0000848,HMDB0000848,TRUE
20230816_HILIC_GlobalList.csv,HMDB09092,PE (36:3),C41H76NO8P,1.3,Positive,742.5381549,PE (36:3),NA,NA,HMDB0009092,HMDB0009092,TRUE
20230816_HILIC_GlobalList.csv,HMDB29134,Val-Phe,C14H20N2O3,1.9,Negative,263.1400925,Val-Phe,Valylphenylalanine,HMDB0029134,HMDB0029134,HMDB0029134,FALSE
20230816_HILIC_GlobalList.csv,HMDB0112433,PS (38:6),C44H74NO10P,1.3,Negative,806.4977346,PS (38:6),NA,NA,HMDB0112433,HMDB0112433,TRUE
20230816_HILIC_GlobalList.csv,HMDB09103,PE (38:6),C43H74NO8P,1.3,Positive,764.5225049,PE (38:6),NA,NA,HMDB0009103,HMDB0009103,TRUE
20230816_HILIC_GlobalList.csv,HMDB02329,Oxalate,C2H2O4,11.2,Negative,88.98800855,Oxalate,Oxalic acid,HMDB0002329,HMDB0002329,HMDB0002329,FALSE
20230816_HILIC_GlobalList.csv,HMDB00263,Phosphoenolpyruvate,C3H5O6P,10.7,Negative,166.9750744,Phosphoenolpyruvate,Phosphoenolpyruvic acid,HMDB0000263,HMDB0000263,HMDB0000263,FALSE
20230816_HILIC_GlobalList.csv,HMDB00965,Hypotaurine,C2H7NO2S,7.4,Positive,110.0270492,Hypotaurine,Hypotaurine,HMDB0000965,HMDB0000965,HMDB0000965,FALSE
20230816_HILIC_GlobalList.csv,HMDB61653,Hydroxy-FA (7:0),C7H14O3,1.6,Negative,145.0869943,Hydroxy-FA (7:0),NA,NA,,HMDB0061653,TRUE
20230816_HILIC_GlobalList.csv,HMDB01352,3-Hydroxypyruvate,C3H4O4,7.3,Negative,103.0036586,3-Hydroxypyruvate,Hydroxypyruvic acid,HMDB0001352,HMDB0001352,HMDB0001352,FALSE
20230816_HILIC_GlobalList.csv,HMDB0000618,Ribulose/Ribose/Xylulose 5-phosphate,C5H11O8P,8.9,Negative,229.0118538,Ribulose,NA,NA,HMDB0000618,HMDB0000618,TRUE
20230816_HILIC_GlobalList.csv,HMDB00357,3-Hydroxybutyrate,C4H8O3,5.7,Negative,103.0400441,3-Hydroxybutyrate,NA,NA,HMDB0000357,HMDB0000357,TRUE
20230816_HILIC_GlobalList.csv,HMDB00215,N-Acetylhexosamine,C8H15NO6,5.5,Positive,222.0972372,N-Acetylhexosamine,NA,NA,HMDB0000215,HMDB0000215,TRUE
20230816_HILIC_GlobalList.csv,HMDB00784,Azelate,C9H16O4,7,Negative,187.097559,Azelate,Azelaic acid,HMDB0000784,HMDB0000784,HMDB0000784,FALSE
20230816_HILIC_GlobalList.csv,HMDB09070,PE (38:5),C43H76NO8P,1.3,Positive,766.5381549,PE (38:5),NA,NA,HMDB0009070,HMDB0009070,TRUE
20230816_HILIC_GlobalList.csv,HMDB09058,PE (36:2),C41H78NO8P,1.3,Positive,744.553805,PE (36:2),NA,NA,HMDB0009058,HMDB0009058,TRUE
20230816_HILIC_GlobalList.csv,HMDB00532,N-Acetylglycine,C4H7NO3,5.7,Negative,116.0352931,N-Acetylglycine,Acetylglycine,HMDB0000532,HMDB0000532,HMDB0000532,FALSE
20230816_HILIC_GlobalList.csv,HMDB03243,Acetoin,C4H8O2,8.6,Negative,87.04513,Acetoin,Acetoin,HMDB0003243,HMDB0003243,HMDB0003243,FALSE
20230816_HILIC_GlobalList.csv,HMDB28761,Asp-Pro,C9H14N2O5,7.7,Positive,231.0975716,Asp-Pro,Aspartyl-L-proline,HMDB0002335,,HMDB0028761,TRUE
20230816_HILIC_GlobalList.csv,HMDB00638,FA (12:0),C12H24O2,1.3,Negative,199.17033,FA (12:0),NA,NA,HMDB0000638,HMDB0000638,TRUE
20230816_HILIC_GlobalList.csv,HMDB00511,Decanoate,C10H20O2,2,Negative,171.1390299,Decanoate,Capric acid,HMDB0000511,HMDB0000511,HMDB0000511,FALSE
20230816_HILIC_GlobalList.csv,HMDB03344,Glycolaldehyde,C2H4O2,6.2,Negative,119.03496,Glycolaldehyde,Glycolaldehyde,HMDB0003344,HMDB0003344,HMDB0003344,FALSE
20230816_HILIC_GlobalList.csv,HMDB00056,beta-Alanine,C3H7NO2,7.5,Positive,90.054979,beta-Alanine,beta-Alanine,HMDB0000056,HMDB0000056,HMDB0000056,FALSE
20230816_HILIC_GlobalList.csv,HMDB13286,N-Undecanoylglycine,C13H25NO3,2.5,Negative,242.1761437,N-Undecanoylglycine,N-Undecanoylglycine,HMDB0013286,HMDB0013286,HMDB0013286,FALSE
20230816_HILIC_GlobalList.csv,HMDB01173,S-Methylthioadenosine,C11H15N5O3S,2.8,Positive,298.0968601,S-Methylthioadenosine,NA,NA,HMDB0001173,HMDB0001173,TRUE
20230816_HILIC_GlobalList.csv,HMDB08016,PC (36:5),C44H78NO8P,1.3,Positive,780.553805,PC (36:5),NA,NA,HMDB0008016,HMDB0008016,TRUE
20230816_HILIC_GlobalList.csv,HMDB03581,Dethiobiotin,C10H18N2O3,4.1,Positive,215.1390425,Dethiobiotin,Dethiobiotin,HMDB0003581,HMDB0003581,HMDB0003581,FALSE
20230816_HILIC_GlobalList.csv,HMDB13127,3-Hydroxycarnitine (4:0),C11H21NO5,5.4,Positive,248.1492728,3-Hydroxycarnitine (4:0),NA,NA,HMDB0013127,HMDB0013127,TRUE
20230816_HILIC_GlobalList.csv,HMDB0000222,Carnitine (16:0),C23H45NO4,2,Positive,400.342159,Carnitine (16:0),NA,NA,HMDB0000222,HMDB0000222,TRUE
20230816_HILIC_GlobalList.csv,HMDB08990,PE (34:1),C39H76NO8P,1.3,Positive,718.5381554,PE (34:1),NA,NA,HMDB0008990,HMDB0008990,TRUE
20230816_HILIC_GlobalList.csv,HMDB00500,4-Hydroxybenzoate,C7H6O3,5.7,Negative,137.0243941,4-Hydroxybenzoate,4-hydroxybenzoate,HMDB0304180,HMDB0000500,HMDB0000500,TRUE
20230816_HILIC_GlobalList.csv,HMDB00139,Glycerate,C3H6O4,5.8,Negative,105.0193087,Glycerate,Glyceric acid,HMDB0000139,HMDB0000139,HMDB0000139,FALSE
20230816_HILIC_GlobalList.csv,HMDB11130,Lyso-PE (18:0),C23H48NO7P,2,Positive,482.3241394,Lyso-PE (18:0),NA,NA,HMDB0011130,HMDB0011130,TRUE
20230816_HILIC_GlobalList.csv,HMDB00192,Cystine,C6H12N2O4S2,8.7,Positive,241.0311483,Cystine,Cystine,HMDB0250712,HMDB0000192,HMDB0000192,TRUE
20230816_HILIC_GlobalList.csv,"",Cyclic ADP-ribose,C15H21N5O13P2,8.2,Negative,540.0538,Cyclic ADP-ribose,Cyclic ADP-ribose,HMDB0249529,HMDB0249529,,TRUE
20230816_HILIC_GlobalList.csv,"",Aniline-2-sulfonate,C6H7NO3S,4.5,Negative,172.007366,Aniline-2-sulfonate,NA,NA,,,TRUE
20230816_HILIC_GlobalList.csv,HMDB00017,4-Pyridoxate,C8H9NO4,2.5,Negative,182.0458578,4-Pyridoxate,4-Pyridoxic acid,HMDB0000017,HMDB0000017,HMDB0000017,FALSE
20230816_HILIC_GlobalList.csv,HMDB00182,Lysine,C6H14N2O2,12,Positive,147.1128277,Lysine,Lysine,HMDB0000182,HMDB0000182,HMDB0000182,FALSE
20230816_HILIC_GlobalList.csv,HMDB09057,PE (36:1),C41H80NO8P,1.3,Positive,746.5694555,PE (36:1),NA,NA,HMDB0009057,HMDB0009057,TRUE
20230816_HILIC_GlobalList.csv,HMDB00902,NAD+,C21H27N7O14P2,7.7,Positive,664.11642,NAD+,,,HMDB0000902,HMDB0000902,TRUE
20230816_HILIC_GlobalList.csv,HMDB01265,Fucose 1-phosphate,C6H13O8P,8,Negative,243.0275039,Fucose 1-phosphate,Fucose 1-phosphate,HMDB0001265,HMDB0001265,HMDB0001265,FALSE
20230816_HILIC_GlobalList.csv,HMDB00220,FA (16:0),C16H32O2,1.6,Negative,255.2329,FA (16:0),NA,NA,HMDB0000220,HMDB0000220,TRUE
20230816_HILIC_GlobalList.csv,HMDB08376,PC (40:6),C48H84NO8P,1.3,Positive,834.6007552,PC (40:6),NA,NA,HMDB0008376,HMDB0008376,TRUE
20230816_HILIC_GlobalList.csv,HMDB11745,N-Acetylmethionine,C7H13NO3S,3.7,Negative,190.054314,N-Acetylmethionine,N-Acetyl-L-methionine,HMDB0011745,HMDB0011745,HMDB0011745,FALSE
20230816_HILIC_GlobalList.csv,HMDB01539,"N,N-Dimethylarginine",C8H18N4O2,10.8,Positive,203.150276,"N,N-Dimethylarginine",Asymmetric dimethylarginine,HMDB0001539,HMDB0001539,HMDB0001539,FALSE
20230816_HILIC_GlobalList.csv,HMDB06210,Carnitine (17:0),C24H47NO4,2,Positive,414.357809,Carnitine (17:0),NA,NA,HMDB0006210,HMDB0006210,TRUE
20230816_HILIC_GlobalList.csv,HMDB00229,Nicotinamide mononucleotide,C11H15N2O8P,8,Positive,335.063902,Nicotinamide mononucleotide,Nicotinamide ribotide,HMDB0000229,HMDB0000229,HMDB0000229,FALSE
20230816_HILIC_GlobalList.csv,HMDB00766,N-Acetylalanine,C5H9NO3,5.1,Negative,130.0509432,N-Acetylalanine,N-Acetyl-L-alanine,HMDB0000766,HMDB0000766,HMDB0000766,FALSE
20230816_HILIC_GlobalList.csv,HMDB01861,3-Methylhistamine,C6H11N3,9.5,Positive,126.1025974,3-Methylhistamine,3-Methylhistamine,HMDB0001861,HMDB0001861,HMDB0001861,FALSE
20230816_HILIC_GlobalList.csv,HMDB02815,Lyso-PC (18:1),C26H52NO7P,2,Positive,522.3554395,Lyso-PC (18:1),NA,NA,HMDB0002815,HMDB0002815,TRUE
20230816_HILIC_GlobalList.csv,HMDB01341,Adenosine diphosphate,C10H15N5O10P2,8.9,Positive,428.0366667,Adenosine diphosphate,ADP,HMDB0001341,HMDB0001341,HMDB0001341,FALSE
20230816_HILIC_GlobalList.csv,HMDB00943,Threonate,C4H8O5,7.4,Negative,135.0298734,Threonate,Threonic acid,HMDB0000943,HMDB0000943,HMDB0000943,FALSE
20230816_HILIC_GlobalList.csv,HMDB0001851,Pentitols,C5H12O5,6,Negative,151.0611735,Pentitols,NA,NA,HMDB0001851,HMDB0001851,TRUE
20230816_HILIC_GlobalList.csv,HMDB34297,Hydroxy-FA (18:1),C18H34O3,1.6,Negative,297.243495,Hydroxy-FA (18:1),NA,NA,HMDB0034297,HMDB0034297,TRUE
20230816_HILIC_GlobalList.csv,HMDB00225,Oxoadipate,C6H8O5,8.7,Negative,159.029875,Oxoadipate,Oxoadipic acid,HMDB0000225,HMDB0000225,HMDB0000225,FALSE
20230816_HILIC_GlobalList.csv,HMDB00960,Deoxyguanosine diphosphate,C10H15N5O10P2,9.9,Negative,426.0221147,Deoxyguanosine diphosphate,dGDP,HMDB0000960,HMDB0000960,HMDB0000960,FALSE
20230816_HILIC_GlobalList.csv,HMDB08462,PC (36:4),C44H80NO8P,1.3,Positive,782.5694551,PC (36:4),NA,NA,HMDB0008462,HMDB0008462,TRUE
20230816_HILIC_GlobalList.csv,HMDB00071,Deoxyinosine,C10H12N4O4,4.6,Negative,251.0785549,Deoxyinosine,Deoxyinosine,HMDB0000071,HMDB0000071,HMDB0000071,FALSE
20230816_HILIC_GlobalList.csv,HMDB0002203,Hydroxy-FA (10:0),C10H20O3,1.6,Negative,187.133945,Hydroxy-FA (10:0),NA,NA,HMDB0002203,HMDB0002203,TRUE
20230816_HILIC_GlobalList.csv,HMDB00691,Malonate,C3H4O4,8.9,Negative,103.0036586,Malonate,Malonic acid,HMDB0000691,HMDB0000691,HMDB0000691,FALSE
20230816_HILIC_GlobalList.csv,HMDB01163,Guanosine diphosphate mannose,C16H25N5O16P2,10.3,Negative,604.0698528,Guanosine diphosphate mannose,Guanosine diphosphate mannose,HMDB0001163,HMDB0001163,HMDB0001163,FALSE
20230816_HILIC_GlobalList.csv,HMDB05065,Carnitine (18:1),C25H47NO4,2,Positive,426.357809,Carnitine (18:1),NA,NA,HMDB0005065,HMDB0005065,TRUE
20230816_HILIC_GlobalList.csv,HMDB11505,Lyso-PE (18:1),C23H46NO7P,2,Positive,480.3084893,Lyso-PE (18:1),NA,NA,HMDB0011505,HMDB0011505,TRUE
20230816_HILIC_GlobalList.csv,HMDB00510,Aminoadipate,C6H11NO4,8.1,Positive,162.0761078,Aminoadipate,Aminoadipic acid,HMDB0000510,HMDB0000510,HMDB0000510,FALSE
20230816_HILIC_GlobalList.csv,HMDB00187,Serine,C3H7NO3,7.9,Positive,106.0498931,Serine,Serine,HMDB0000187,HMDB0000187,HMDB0000187,FALSE
20230816_HILIC_GlobalList.csv,HMDB00755,Hydroxyphenyllactate,C9H10O4,5.2,Negative,181.0506088,Hydroxyphenyllactate,Hydroxyphenyllactic acid,HMDB0000755,HMDB0000755,HMDB0000755,FALSE
20230816_HILIC_GlobalList.csv,HMDB04437,Diethanolamine,C4H11NO2,8.7,Positive,106.0862786,Diethanolamine,Diethanolamine,HMDB0004437,HMDB0004437,HMDB0004437,FALSE
20230816_HILIC_GlobalList.csv,HMDB01254,Glucosamine 6-phosphate,C6H14NO8P,9.1,Negative,258.0384029,Glucosamine 6-phosphate,Glucosamine 6-phosphate,HMDB0001254,HMDB0001254,HMDB0001254,FALSE
20230816_HILIC_GlobalList.csv,HMDB03331,1-Methyladenosine,C11H15N5O4,3,Positive,282.119704,1-Methyladenosine,1-Methyladenosine,HMDB0003331,HMDB0003331,HMDB0003331,FALSE
20230816_HILIC_GlobalList.csv,HMDB37115,2-Hydroxy-4-(methylthio)butanoate,C5H10O3S,3.5,Negative,149.0277649,2-Hydroxy-4-(methylthio)butanoate,()-2-Hydroxy-4-(methylthio)butanoic acid,HMDB0037115,HMDB0037115,HMDB0037115,FALSE
20230816_HILIC_GlobalList.csv,HMDB11649,Glycerophosphoinositol,C9H19O11P,8.7,Negative,333.059198,Glycerophosphoinositol,Glycerophosphoinositol,HMDB0011649,HMDB0011649,HMDB0011649,FALSE
20230816_HILIC_GlobalList.csv,HMDB02250,Carnitine (12:0),C19H37NO4,2,Positive,344.2795587,Carnitine (12:0),NA,NA,HMDB0002250,HMDB0002250,TRUE
20230816_HILIC_GlobalList.csv,HMDB08960,PE (34:2),C39H74NO8P,1.3,Positive,716.5225053,PE (34:2),NA,NA,HMDB0008960,HMDB0008960,TRUE
